CREATE DATABASE [TP07 - PreguntadORT]

USE [TP07 - PreguntadORT]

GO
CREATE TABLE [dbo].[Categorias](
	[IdCategoria] [int] IDENTITY(1,1) NOT NULL,
	[Nombre] [varchar](50) NOT NULL,
	[Foto] [varchar](max) NULL,
 CONSTRAINT [PK_Categorias] PRIMARY KEY CLUSTERED 
(
	[IdCategoria] ASC
)WITH (PAD_INDEX = OFF, STATISTICS_NORECOMPUTE = OFF, IGNORE_DUP_KEY = OFF, ALLOW_ROW_LOCKS = ON, ALLOW_PAGE_LOCKS = ON) ON [PRIMARY]
) ON [PRIMARY] TEXTIMAGE_ON [PRIMARY]
GO
SET ANSI_NULLS ON
GO
SET QUOTED_IDENTIFIER ON
GO
CREATE TABLE [dbo].[Dificultades](
	[IdDificultad] [int] IDENTITY(1,1) NOT NULL,
	[Nombre] [varchar](50) NOT NULL,
 CONSTRAINT [PK_Dificultades] PRIMARY KEY CLUSTERED 
(
	[IdDificultad] ASC
)WITH (PAD_INDEX = OFF, STATISTICS_NORECOMPUTE = OFF, IGNORE_DUP_KEY = OFF, ALLOW_ROW_LOCKS = ON, ALLOW_PAGE_LOCKS = ON) ON [PRIMARY]
) ON [PRIMARY]
GO
SET ANSI_NULLS ON
GO
SET QUOTED_IDENTIFIER ON
GO
CREATE TABLE [dbo].[Preguntas](
	[IdPregunta] [int] IDENTITY(1,1) NOT NULL,
	[IdCategoria] [int] NOT NULL,
	[IdDificultad] [int] NOT NULL,
	[Enunciado] [varchar](255) NOT NULL,
	[Foto] [varchar](max) NULL,
 CONSTRAINT [PK_Preguntas] PRIMARY KEY CLUSTERED 
(
	[IdPregunta] ASC
)WITH (PAD_INDEX = OFF, STATISTICS_NORECOMPUTE = OFF, IGNORE_DUP_KEY = OFF, ALLOW_ROW_LOCKS = ON, ALLOW_PAGE_LOCKS = ON) ON [PRIMARY]
) ON [PRIMARY] TEXTIMAGE_ON [PRIMARY]
GO
SET ANSI_NULLS ON
GO
SET QUOTED_IDENTIFIER ON
GO
CREATE TABLE [dbo].[Respuestas](
	[IdRespuesta] [int] IDENTITY(1,1) NOT NULL,
	[IdPregunta] [int] NOT NULL,
	[Opcion] [int] NOT NULL,
	[Contenido] [varchar](255) NULL,
	[Correcta] [bit] NOT NULL,
	[Foto] [varchar](max) NULL,
 CONSTRAINT [PK_Respuestas] PRIMARY KEY CLUSTERED 
(
	[IdRespuesta] ASC
)WITH (PAD_INDEX = OFF, STATISTICS_NORECOMPUTE = OFF, IGNORE_DUP_KEY = OFF, ALLOW_ROW_LOCKS = ON, ALLOW_PAGE_LOCKS = ON) ON [PRIMARY]
) ON [PRIMARY] TEXTIMAGE_ON [PRIMARY]
GO
SET IDENTITY_INSERT [dbo].[Categorias] ON 

INSERT [dbo].[Categorias] ([IdCategoria], [Nombre], [Foto]) VALUES (1, N'Historia', N'Historia.png')
INSERT [dbo].[Categorias] ([IdCategoria], [Nombre], [Foto]) VALUES (2, N'Ciencia', N'Ciencia.png')
INSERT [dbo].[Categorias] ([IdCategoria], [Nombre], [Foto]) VALUES (3, N'Geografía', N'Geografia.png')
INSERT [dbo].[Categorias] ([IdCategoria], [Nombre], [Foto]) VALUES (4, N'Arte', N'Arte.png')
INSERT [dbo].[Categorias] ([IdCategoria], [Nombre], [Foto]) VALUES (5, N'Deportes', N'Deportes.png')
SET IDENTITY_INSERT [dbo].[Categorias] OFF
GO
SET IDENTITY_INSERT [dbo].[Dificultades] ON 

INSERT [dbo].[Dificultades] ([IdDificultad], [Nombre]) VALUES (1, N'Fácil')
INSERT [dbo].[Dificultades] ([IdDificultad], [Nombre]) VALUES (2, N'Medio')
INSERT [dbo].[Dificultades] ([IdDificultad], [Nombre]) VALUES (3, N'Difícil')
SET IDENTITY_INSERT [dbo].[Dificultades] OFF
GO
SET IDENTITY_INSERT [dbo].[Preguntas] ON 

INSERT [dbo].[Preguntas] ([IdPregunta], [IdCategoria], [IdDificultad], [Enunciado], [Foto]) VALUES (45, 1, 1, N'¿En qué año cayó el Imperio Romano de Occidente?', NULL)
INSERT [dbo].[Preguntas] ([IdPregunta], [IdCategoria], [IdDificultad], [Enunciado], [Foto]) VALUES (46, 1, 1, N'¿Quién descubrió América?', NULL)
INSERT [dbo].[Preguntas] ([IdPregunta], [IdCategoria], [IdDificultad], [Enunciado], [Foto]) VALUES (47, 1, 1, N'¿Qué famosa reina fue la última faraona de Egipto?', NULL)
INSERT [dbo].[Preguntas] ([IdPregunta], [IdCategoria], [IdDificultad], [Enunciado], [Foto]) VALUES (48, 1, 1, N'¿Qué documento firmó el rey Juan de Inglaterra en 1215?', NULL)
INSERT [dbo].[Preguntas] ([IdPregunta], [IdCategoria], [IdDificultad], [Enunciado], [Foto]) VALUES (49, 1, 1, N'¿Quién fue el primer presidente de los Estados Unidos?', NULL)
INSERT [dbo].[Preguntas] ([IdPregunta], [IdCategoria], [IdDificultad], [Enunciado], [Foto]) VALUES (50, 1, 2, N'¿Qué líder militar cruzó los Alpes con elefantes durante las Guerras Púnicas?', NULL)
INSERT [dbo].[Preguntas] ([IdPregunta], [IdCategoria], [IdDificultad], [Enunciado], [Foto]) VALUES (51, 1, 2, N'¿Qué imperio fue derrotado en la Batalla de Waterloo?', NULL)
INSERT [dbo].[Preguntas] ([IdPregunta], [IdCategoria], [IdDificultad], [Enunciado], [Foto]) VALUES (52, 1, 2, N'¿Quién escribió el "Manifiesto Comunista"?', NULL)
INSERT [dbo].[Preguntas] ([IdPregunta], [IdCategoria], [IdDificultad], [Enunciado], [Foto]) VALUES (53, 1, 2, N'¿Cuál fue el conflicto más largo de la Edad Media?', NULL)
INSERT [dbo].[Preguntas] ([IdPregunta], [IdCategoria], [IdDificultad], [Enunciado], [Foto]) VALUES (54, 1, 2, N'¿Qué país fue dirigido por Benito Mussolini durante la Segunda Guerra Mundial?', NULL)
INSERT [dbo].[Preguntas] ([IdPregunta], [IdCategoria], [IdDificultad], [Enunciado], [Foto]) VALUES (55, 1, 3, N'¿Cuál fue el nombre original de Constantinopla antes de ser renombrada por el emperador Constantino?', NULL)
INSERT [dbo].[Preguntas] ([IdPregunta], [IdCategoria], [IdDificultad], [Enunciado], [Foto]) VALUES (56, 1, 3, N'¿Qué tratado puso fin a la Primera Guerra Mundial?', NULL)
INSERT [dbo].[Preguntas] ([IdPregunta], [IdCategoria], [IdDificultad], [Enunciado], [Foto]) VALUES (57, 1, 3, N'¿Qué país lanzó el primer satélite artificial en 1957?', NULL)
INSERT [dbo].[Preguntas] ([IdPregunta], [IdCategoria], [IdDificultad], [Enunciado], [Foto]) VALUES (58, 1, 3, N'¿En qué año comenzó la Revolución Francesa?', NULL)
INSERT [dbo].[Preguntas] ([IdPregunta], [IdCategoria], [IdDificultad], [Enunciado], [Foto]) VALUES (59, 1, 3, N'¿Qué líder revolucionario encabezó la independencia de Haití en 1804?', NULL)
INSERT [dbo].[Preguntas] ([IdPregunta], [IdCategoria], [IdDificultad], [Enunciado], [Foto]) VALUES (60, 2, 1, N'¿Cuál es el planeta más cercano al Sol?', NULL)
INSERT [dbo].[Preguntas] ([IdPregunta], [IdCategoria], [IdDificultad], [Enunciado], [Foto]) VALUES (61, 2, 1, N'¿Qué gas respiran los seres humanos?', NULL)
INSERT [dbo].[Preguntas] ([IdPregunta], [IdCategoria], [IdDificultad], [Enunciado], [Foto]) VALUES (62, 2, 1, N'¿Cuántos planetas tiene el sistema solar?', NULL)
INSERT [dbo].[Preguntas] ([IdPregunta], [IdCategoria], [IdDificultad], [Enunciado], [Foto]) VALUES (63, 2, 1, N'¿Cuál es el órgano más grande del cuerpo humano?', NULL)
INSERT [dbo].[Preguntas] ([IdPregunta], [IdCategoria], [IdDificultad], [Enunciado], [Foto]) VALUES (64, 2, 1, N'¿Qué sustancia da a las plantas su color verde?', NULL)
INSERT [dbo].[Preguntas] ([IdPregunta], [IdCategoria], [IdDificultad], [Enunciado], [Foto]) VALUES (65, 2, 2, N'¿Cuál es la fórmula química del agua?', NULL)
INSERT [dbo].[Preguntas] ([IdPregunta], [IdCategoria], [IdDificultad], [Enunciado], [Foto]) VALUES (66, 2, 2, N'¿Cuál es el metal más abundante en la corteza terrestre?', NULL)
INSERT [dbo].[Preguntas] ([IdPregunta], [IdCategoria], [IdDificultad], [Enunciado], [Foto]) VALUES (67, 2, 2, N'¿Qué científico propuso la teoría de la relatividad?', NULL)
INSERT [dbo].[Preguntas] ([IdPregunta], [IdCategoria], [IdDificultad], [Enunciado], [Foto]) VALUES (68, 2, 2, N'¿Qué elemento tiene el símbolo químico Na?', NULL)
INSERT [dbo].[Preguntas] ([IdPregunta], [IdCategoria], [IdDificultad], [Enunciado], [Foto]) VALUES (69, 2, 2, N'¿Qué tipo de estrella es el Sol?', NULL)
INSERT [dbo].[Preguntas] ([IdPregunta], [IdCategoria], [IdDificultad], [Enunciado], [Foto]) VALUES (70, 2, 3, N'¿Qué partícula subatómica tiene carga negativa?', NULL)
INSERT [dbo].[Preguntas] ([IdPregunta], [IdCategoria], [IdDificultad], [Enunciado], [Foto]) VALUES (71, 2, 3, N'¿Cuál es la velocidad de la luz en el vacío?', NULL)
INSERT [dbo].[Preguntas] ([IdPregunta], [IdCategoria], [IdDificultad], [Enunciado], [Foto]) VALUES (72, 2, 3, N'¿Quién desarrolló la tabla periódica de los elementos?', NULL)
INSERT [dbo].[Preguntas] ([IdPregunta], [IdCategoria], [IdDificultad], [Enunciado], [Foto]) VALUES (73, 2, 3, N'¿Cuál es el planeta más grande del sistema solar?', NULL)
INSERT [dbo].[Preguntas] ([IdPregunta], [IdCategoria], [IdDificultad], [Enunciado], [Foto]) VALUES (74, 2, 3, N'¿Cuál es la molécula responsable de la herencia genética?', NULL)
INSERT [dbo].[Preguntas] ([IdPregunta], [IdCategoria], [IdDificultad], [Enunciado], [Foto]) VALUES (75, 3, 1, N'¿Cuál es el río más largo del mundo?', NULL)
INSERT [dbo].[Preguntas] ([IdPregunta], [IdCategoria], [IdDificultad], [Enunciado], [Foto]) VALUES (76, 3, 1, N'¿En qué continente se encuentra Egipto?', NULL)
INSERT [dbo].[Preguntas] ([IdPregunta], [IdCategoria], [IdDificultad], [Enunciado], [Foto]) VALUES (77, 3, 1, N'¿Cuál es el océano más grande?', NULL)
INSERT [dbo].[Preguntas] ([IdPregunta], [IdCategoria], [IdDificultad], [Enunciado], [Foto]) VALUES (78, 3, 1, N'¿En qué país se encuentra la Torre Eiffel?', NULL)
INSERT [dbo].[Preguntas] ([IdPregunta], [IdCategoria], [IdDificultad], [Enunciado], [Foto]) VALUES (79, 3, 1, N'¿Cuál es el desierto más grande del mundo?', NULL)
INSERT [dbo].[Preguntas] ([IdPregunta], [IdCategoria], [IdDificultad], [Enunciado], [Foto]) VALUES (80, 3, 2, N'¿Cuál es la capital de Canadá?', NULL)
INSERT [dbo].[Preguntas] ([IdPregunta], [IdCategoria], [IdDificultad], [Enunciado], [Foto]) VALUES (81, 3, 2, N'¿Cuál es el país más pequeño del mundo?', NULL)
INSERT [dbo].[Preguntas] ([IdPregunta], [IdCategoria], [IdDificultad], [Enunciado], [Foto]) VALUES (82, 3, 2, N'¿En qué país se encuentra el Monte Everest?', NULL)
INSERT [dbo].[Preguntas] ([IdPregunta], [IdCategoria], [IdDificultad], [Enunciado], [Foto]) VALUES (83, 3, 2, N'¿Cuál es el país más grande de Sudamérica?', NULL)
INSERT [dbo].[Preguntas] ([IdPregunta], [IdCategoria], [IdDificultad], [Enunciado], [Foto]) VALUES (84, 3, 2, N'¿Cuál es la capital de Australia?', NULL)
INSERT [dbo].[Preguntas] ([IdPregunta], [IdCategoria], [IdDificultad], [Enunciado], [Foto]) VALUES (85, 3, 3, N'¿Cuál es la capital de Mongolia?', NULL)
INSERT [dbo].[Preguntas] ([IdPregunta], [IdCategoria], [IdDificultad], [Enunciado], [Foto]) VALUES (86, 3, 3, N'¿Qué país tiene más islas en el mundo?', NULL)
INSERT [dbo].[Preguntas] ([IdPregunta], [IdCategoria], [IdDificultad], [Enunciado], [Foto]) VALUES (87, 3, 3, N'¿Cuál es el punto más bajo de la Tierra?', NULL)
INSERT [dbo].[Preguntas] ([IdPregunta], [IdCategoria], [IdDificultad], [Enunciado], [Foto]) VALUES (88, 3, 3, N'¿Qué país tiene la mayor cantidad de volcanes activos?', NULL)
INSERT [dbo].[Preguntas] ([IdPregunta], [IdCategoria], [IdDificultad], [Enunciado], [Foto]) VALUES (89, 3, 3, N'¿Cuál es el mar más salado del mundo?', NULL)
INSERT [dbo].[Preguntas] ([IdPregunta], [IdCategoria], [IdDificultad], [Enunciado], [Foto]) VALUES (90, 4, 1, N'¿Quién pintó La Mona Lisa?', NULL)
INSERT [dbo].[Preguntas] ([IdPregunta], [IdCategoria], [IdDificultad], [Enunciado], [Foto]) VALUES (91, 4, 1, N'¿En qué país se encuentra el Museo del Louvre?', NULL)
INSERT [dbo].[Preguntas] ([IdPregunta], [IdCategoria], [IdDificultad], [Enunciado], [Foto]) VALUES (92, 4, 1, N'¿Qué artista es famoso por sus cuadros de girasoles?', NULL)
INSERT [dbo].[Preguntas] ([IdPregunta], [IdCategoria], [IdDificultad], [Enunciado], [Foto]) VALUES (93, 4, 1, N'¿En qué país nació Pablo Picasso?', NULL)
INSERT [dbo].[Preguntas] ([IdPregunta], [IdCategoria], [IdDificultad], [Enunciado], [Foto]) VALUES (94, 4, 1, N'¿Qué artista pintó la Capilla Sixtina?', NULL)
INSERT [dbo].[Preguntas] ([IdPregunta], [IdCategoria], [IdDificultad], [Enunciado], [Foto]) VALUES (95, 4, 2, N'¿Qué movimiento artístico está asociado con Salvador Dalí?', NULL)
INSERT [dbo].[Preguntas] ([IdPregunta], [IdCategoria], [IdDificultad], [Enunciado], [Foto]) VALUES (96, 4, 2, N'¿Quién pintó "La noche estrellada"?', NULL)
INSERT [dbo].[Preguntas] ([IdPregunta], [IdCategoria], [IdDificultad], [Enunciado], [Foto]) VALUES (97, 4, 2, N'¿Qué corriente artística sigue el "Guernica" de Picasso?', NULL)
INSERT [dbo].[Preguntas] ([IdPregunta], [IdCategoria], [IdDificultad], [Enunciado], [Foto]) VALUES (98, 4, 2, N'¿En qué siglo vivió Miguel Ángel?', NULL)
INSERT [dbo].[Preguntas] ([IdPregunta], [IdCategoria], [IdDificultad], [Enunciado], [Foto]) VALUES (99, 4, 2, N'¿Quién esculpió "El David"?', NULL)
INSERT [dbo].[Preguntas] ([IdPregunta], [IdCategoria], [IdDificultad], [Enunciado], [Foto]) VALUES (100, 4, 3, N'¿En qué ciudad se encuentra el cuadro "El Grito" de Munch?', NULL)
INSERT [dbo].[Preguntas] ([IdPregunta], [IdCategoria], [IdDificultad], [Enunciado], [Foto]) VALUES (101, 4, 3, N'¿Qué pintor impresionista es famoso por sus cuadros de nenúfares?', NULL)
INSERT [dbo].[Preguntas] ([IdPregunta], [IdCategoria], [IdDificultad], [Enunciado], [Foto]) VALUES (102, 4, 3, N'¿Qué artista creó el "Fountain", una fuente invertida?', NULL)
INSERT [dbo].[Preguntas] ([IdPregunta], [IdCategoria], [IdDificultad], [Enunciado], [Foto]) VALUES (103, 4, 3, N'¿Cuál es el verdadero nombre de Caravaggio?', NULL)
INSERT [dbo].[Preguntas] ([IdPregunta], [IdCategoria], [IdDificultad], [Enunciado], [Foto]) VALUES (104, 4, 3, N'¿En qué museo se encuentra "Las Meninas" de Velázquez?', NULL)
INSERT [dbo].[Preguntas] ([IdPregunta], [IdCategoria], [IdDificultad], [Enunciado], [Foto]) VALUES (105, 5, 1, N'¿Cuántos jugadores hay en un equipo de fútbol?', NULL)
INSERT [dbo].[Preguntas] ([IdPregunta], [IdCategoria], [IdDificultad], [Enunciado], [Foto]) VALUES (106, 5, 1, N'¿Qué deporte se juega con una pelota y una red en el centro?', NULL)
INSERT [dbo].[Preguntas] ([IdPregunta], [IdCategoria], [IdDificultad], [Enunciado], [Foto]) VALUES (107, 5, 1, N'¿En qué deporte se utiliza una raqueta para golpear una pelota amarilla?', NULL)
INSERT [dbo].[Preguntas] ([IdPregunta], [IdCategoria], [IdDificultad], [Enunciado], [Foto]) VALUES (108, 5, 1, N'¿Cuál es el deporte nacional en Canadá?', NULL)
INSERT [dbo].[Preguntas] ([IdPregunta], [IdCategoria], [IdDificultad], [Enunciado], [Foto]) VALUES (109, 5, 1, N'¿Qué deporte se juega en el circuito de Wimbledon?', NULL)
INSERT [dbo].[Preguntas] ([IdPregunta], [IdCategoria], [IdDificultad], [Enunciado], [Foto]) VALUES (110, 5, 2, N'¿En qué deporte se usa un palo para golpear una pelota en una pista?', NULL)
INSERT [dbo].[Preguntas] ([IdPregunta], [IdCategoria], [IdDificultad], [Enunciado], [Foto]) VALUES (111, 5, 2, N'¿Cuál es el nombre del campeonato mundial de fútbol?', NULL)
INSERT [dbo].[Preguntas] ([IdPregunta], [IdCategoria], [IdDificultad], [Enunciado], [Foto]) VALUES (112, 5, 2, N'¿Cuántos puntos se necesitan para ganar un set en tenis?', NULL)
INSERT [dbo].[Preguntas] ([IdPregunta], [IdCategoria], [IdDificultad], [Enunciado], [Foto]) VALUES (113, 5, 2, N'¿Qué equipo ganó la Copa Mundial de la FIFA en 2018?', NULL)
INSERT [dbo].[Preguntas] ([IdPregunta], [IdCategoria], [IdDificultad], [Enunciado], [Foto]) VALUES (114, 5, 2, N'¿Cuál es el nombre del torneo de baloncesto más importante en EE.UU.?', NULL)
INSERT [dbo].[Preguntas] ([IdPregunta], [IdCategoria], [IdDificultad], [Enunciado], [Foto]) VALUES (115, 5, 3, N'¿Cuál es el país con más medallas de oro en los Juegos Olímpicos de verano?', NULL)
INSERT [dbo].[Preguntas] ([IdPregunta], [IdCategoria], [IdDificultad], [Enunciado], [Foto]) VALUES (116, 5, 3, N'¿Cuál es el récord mundial de los 100 metros lisos en atletismo?', NULL)
INSERT [dbo].[Preguntas] ([IdPregunta], [IdCategoria], [IdDificultad], [Enunciado], [Foto]) VALUES (117, 5, 3, N'¿Qué equipo ha ganado más veces la Liga de Campeones de la UEFA?', NULL)
INSERT [dbo].[Preguntas] ([IdPregunta], [IdCategoria], [IdDificultad], [Enunciado], [Foto]) VALUES (118, 5, 3, N'¿En qué año se jugó el primer Super Bowl?', NULL)
INSERT [dbo].[Preguntas] ([IdPregunta], [IdCategoria], [IdDificultad], [Enunciado], [Foto]) VALUES (119, 5, 3, N'¿Qué país ganó el primer Mundial de Rugby en 1987?', NULL)
SET IDENTITY_INSERT [dbo].[Preguntas] OFF
GO
SET IDENTITY_INSERT [dbo].[Respuestas] ON 

INSERT [dbo].[Respuestas] ([IdRespuesta], [IdPregunta], [Opcion], [Contenido], [Correcta], [Foto]) VALUES (1, 45, 1, N'476 d.C.', 1, NULL)
INSERT [dbo].[Respuestas] ([IdRespuesta], [IdPregunta], [Opcion], [Contenido], [Correcta], [Foto]) VALUES (2, 45, 2, N'410 d.C.', 0, NULL)
INSERT [dbo].[Respuestas] ([IdRespuesta], [IdPregunta], [Opcion], [Contenido], [Correcta], [Foto]) VALUES (3, 45, 3, N'500 d.C.', 0, NULL)
INSERT [dbo].[Respuestas] ([IdRespuesta], [IdPregunta], [Opcion], [Contenido], [Correcta], [Foto]) VALUES (4, 45, 4, N'395 d.C.', 0, NULL)
INSERT [dbo].[Respuestas] ([IdRespuesta], [IdPregunta], [Opcion], [Contenido], [Correcta], [Foto]) VALUES (5, 46, 1, N'Cristóbal Colón', 1, NULL)
INSERT [dbo].[Respuestas] ([IdRespuesta], [IdPregunta], [Opcion], [Contenido], [Correcta], [Foto]) VALUES (6, 46, 2, N'Amerigo Vespucci', 0, NULL)
INSERT [dbo].[Respuestas] ([IdRespuesta], [IdPregunta], [Opcion], [Contenido], [Correcta], [Foto]) VALUES (7, 46, 3, N'Hernán Cortés', 0, NULL)
INSERT [dbo].[Respuestas] ([IdRespuesta], [IdPregunta], [Opcion], [Contenido], [Correcta], [Foto]) VALUES (8, 46, 4, N'Vasco da Gama', 0, NULL)
INSERT [dbo].[Respuestas] ([IdRespuesta], [IdPregunta], [Opcion], [Contenido], [Correcta], [Foto]) VALUES (9, 47, 1, N'Cleopatra', 1, NULL)
INSERT [dbo].[Respuestas] ([IdRespuesta], [IdPregunta], [Opcion], [Contenido], [Correcta], [Foto]) VALUES (10, 47, 2, N'Nefertiti', 0, NULL)
INSERT [dbo].[Respuestas] ([IdRespuesta], [IdPregunta], [Opcion], [Contenido], [Correcta], [Foto]) VALUES (11, 47, 3, N'Hatshepsut', 0, NULL)
INSERT [dbo].[Respuestas] ([IdRespuesta], [IdPregunta], [Opcion], [Contenido], [Correcta], [Foto]) VALUES (12, 47, 4, N'Sobekneferu', 0, NULL)
INSERT [dbo].[Respuestas] ([IdRespuesta], [IdPregunta], [Opcion], [Contenido], [Correcta], [Foto]) VALUES (13, 48, 1, N'Magna Carta', 1, NULL)
INSERT [dbo].[Respuestas] ([IdRespuesta], [IdPregunta], [Opcion], [Contenido], [Correcta], [Foto]) VALUES (14, 48, 2, N'Declaración de Derechos', 0, NULL)
INSERT [dbo].[Respuestas] ([IdRespuesta], [IdPregunta], [Opcion], [Contenido], [Correcta], [Foto]) VALUES (15, 48, 3, N'Acta de Unión', 0, NULL)
INSERT [dbo].[Respuestas] ([IdRespuesta], [IdPregunta], [Opcion], [Contenido], [Correcta], [Foto]) VALUES (16, 48, 4, N'Tratado de Versalles', 0, NULL)
INSERT [dbo].[Respuestas] ([IdRespuesta], [IdPregunta], [Opcion], [Contenido], [Correcta], [Foto]) VALUES (17, 49, 1, N'George Washington', 1, NULL)
INSERT [dbo].[Respuestas] ([IdRespuesta], [IdPregunta], [Opcion], [Contenido], [Correcta], [Foto]) VALUES (18, 49, 2, N'Thomas Jefferson', 0, NULL)
INSERT [dbo].[Respuestas] ([IdRespuesta], [IdPregunta], [Opcion], [Contenido], [Correcta], [Foto]) VALUES (19, 49, 3, N'John Adams', 0, NULL)
INSERT [dbo].[Respuestas] ([IdRespuesta], [IdPregunta], [Opcion], [Contenido], [Correcta], [Foto]) VALUES (20, 49, 4, N'Alexander Hamilton', 0, NULL)
INSERT [dbo].[Respuestas] ([IdRespuesta], [IdPregunta], [Opcion], [Contenido], [Correcta], [Foto]) VALUES (21, 50, 1, N'Aníbal', 1, NULL)
INSERT [dbo].[Respuestas] ([IdRespuesta], [IdPregunta], [Opcion], [Contenido], [Correcta], [Foto]) VALUES (22, 50, 2, N'Julio César', 0, NULL)
INSERT [dbo].[Respuestas] ([IdRespuesta], [IdPregunta], [Opcion], [Contenido], [Correcta], [Foto]) VALUES (23, 50, 3, N'Escipión el Africano', 0, NULL)
INSERT [dbo].[Respuestas] ([IdRespuesta], [IdPregunta], [Opcion], [Contenido], [Correcta], [Foto]) VALUES (24, 50, 4, N'Pirro de Epiro', 0, NULL)
INSERT [dbo].[Respuestas] ([IdRespuesta], [IdPregunta], [Opcion], [Contenido], [Correcta], [Foto]) VALUES (25, 51, 1, N'Imperio Napoleónico', 1, NULL)
INSERT [dbo].[Respuestas] ([IdRespuesta], [IdPregunta], [Opcion], [Contenido], [Correcta], [Foto]) VALUES (26, 51, 2, N'Imperio Romano', 0, NULL)
INSERT [dbo].[Respuestas] ([IdRespuesta], [IdPregunta], [Opcion], [Contenido], [Correcta], [Foto]) VALUES (27, 51, 3, N'Imperio Austrohúngaro', 0, NULL)
INSERT [dbo].[Respuestas] ([IdRespuesta], [IdPregunta], [Opcion], [Contenido], [Correcta], [Foto]) VALUES (28, 51, 4, N'Imperio Otomano', 0, NULL)
INSERT [dbo].[Respuestas] ([IdRespuesta], [IdPregunta], [Opcion], [Contenido], [Correcta], [Foto]) VALUES (29, 52, 1, N'Karl Marx', 1, NULL)
INSERT [dbo].[Respuestas] ([IdRespuesta], [IdPregunta], [Opcion], [Contenido], [Correcta], [Foto]) VALUES (30, 52, 2, N'Vladimir Lenin', 0, NULL)
INSERT [dbo].[Respuestas] ([IdRespuesta], [IdPregunta], [Opcion], [Contenido], [Correcta], [Foto]) VALUES (31, 52, 3, N'Friedrich Engels', 0, NULL)
INSERT [dbo].[Respuestas] ([IdRespuesta], [IdPregunta], [Opcion], [Contenido], [Correcta], [Foto]) VALUES (32, 52, 4, N'Joseph Stalin', 0, NULL)
INSERT [dbo].[Respuestas] ([IdRespuesta], [IdPregunta], [Opcion], [Contenido], [Correcta], [Foto]) VALUES (33, 53, 1, N'Guerra de los Cien Años', 1, NULL)
INSERT [dbo].[Respuestas] ([IdRespuesta], [IdPregunta], [Opcion], [Contenido], [Correcta], [Foto]) VALUES (34, 53, 2, N'Guerra de las Dos Rosas', 0, NULL)
INSERT [dbo].[Respuestas] ([IdRespuesta], [IdPregunta], [Opcion], [Contenido], [Correcta], [Foto]) VALUES (35, 53, 3, N'Primera Cruzada', 0, NULL)
INSERT [dbo].[Respuestas] ([IdRespuesta], [IdPregunta], [Opcion], [Contenido], [Correcta], [Foto]) VALUES (36, 53, 4, N'Rebelión de los Barones', 0, NULL)
INSERT [dbo].[Respuestas] ([IdRespuesta], [IdPregunta], [Opcion], [Contenido], [Correcta], [Foto]) VALUES (37, 54, 1, N'Italia', 1, NULL)
INSERT [dbo].[Respuestas] ([IdRespuesta], [IdPregunta], [Opcion], [Contenido], [Correcta], [Foto]) VALUES (38, 54, 2, N'Alemania', 0, NULL)
INSERT [dbo].[Respuestas] ([IdRespuesta], [IdPregunta], [Opcion], [Contenido], [Correcta], [Foto]) VALUES (39, 54, 3, N'Japón', 0, NULL)
INSERT [dbo].[Respuestas] ([IdRespuesta], [IdPregunta], [Opcion], [Contenido], [Correcta], [Foto]) VALUES (40, 54, 4, N'España', 0, NULL)
INSERT [dbo].[Respuestas] ([IdRespuesta], [IdPregunta], [Opcion], [Contenido], [Correcta], [Foto]) VALUES (41, 55, 1, N'Bizancio', 1, NULL)
INSERT [dbo].[Respuestas] ([IdRespuesta], [IdPregunta], [Opcion], [Contenido], [Correcta], [Foto]) VALUES (42, 55, 2, N'Troya', 0, NULL)
INSERT [dbo].[Respuestas] ([IdRespuesta], [IdPregunta], [Opcion], [Contenido], [Correcta], [Foto]) VALUES (43, 55, 3, N'Antioquía', 0, NULL)
INSERT [dbo].[Respuestas] ([IdRespuesta], [IdPregunta], [Opcion], [Contenido], [Correcta], [Foto]) VALUES (44, 55, 4, N'Efeso', 0, NULL)
INSERT [dbo].[Respuestas] ([IdRespuesta], [IdPregunta], [Opcion], [Contenido], [Correcta], [Foto]) VALUES (45, 56, 1, N'Tratado de Versalles', 1, NULL)
INSERT [dbo].[Respuestas] ([IdRespuesta], [IdPregunta], [Opcion], [Contenido], [Correcta], [Foto]) VALUES (46, 56, 2, N'Tratado de Tordesillas', 0, NULL)
INSERT [dbo].[Respuestas] ([IdRespuesta], [IdPregunta], [Opcion], [Contenido], [Correcta], [Foto]) VALUES (47, 56, 3, N'Tratado de París', 0, NULL)
INSERT [dbo].[Respuestas] ([IdRespuesta], [IdPregunta], [Opcion], [Contenido], [Correcta], [Foto]) VALUES (48, 56, 4, N'Tratado de Utrecht', 0, NULL)
INSERT [dbo].[Respuestas] ([IdRespuesta], [IdPregunta], [Opcion], [Contenido], [Correcta], [Foto]) VALUES (49, 57, 1, N'Unión Soviética', 1, NULL)
INSERT [dbo].[Respuestas] ([IdRespuesta], [IdPregunta], [Opcion], [Contenido], [Correcta], [Foto]) VALUES (50, 57, 2, N'Estados Unidos', 0, NULL)
INSERT [dbo].[Respuestas] ([IdRespuesta], [IdPregunta], [Opcion], [Contenido], [Correcta], [Foto]) VALUES (51, 57, 3, N'Reino Unido', 0, NULL)
INSERT [dbo].[Respuestas] ([IdRespuesta], [IdPregunta], [Opcion], [Contenido], [Correcta], [Foto]) VALUES (52, 57, 4, N'Francia', 0, NULL)
INSERT [dbo].[Respuestas] ([IdRespuesta], [IdPregunta], [Opcion], [Contenido], [Correcta], [Foto]) VALUES (53, 58, 1, N'1789', 1, NULL)
INSERT [dbo].[Respuestas] ([IdRespuesta], [IdPregunta], [Opcion], [Contenido], [Correcta], [Foto]) VALUES (54, 58, 2, N'1776', 0, NULL)
INSERT [dbo].[Respuestas] ([IdRespuesta], [IdPregunta], [Opcion], [Contenido], [Correcta], [Foto]) VALUES (55, 58, 3, N'1799', 0, NULL)
INSERT [dbo].[Respuestas] ([IdRespuesta], [IdPregunta], [Opcion], [Contenido], [Correcta], [Foto]) VALUES (56, 58, 4, N'1804', 0, NULL)
INSERT [dbo].[Respuestas] ([IdRespuesta], [IdPregunta], [Opcion], [Contenido], [Correcta], [Foto]) VALUES (57, 59, 1, N'Toussaint Louverture', 1, NULL)
INSERT [dbo].[Respuestas] ([IdRespuesta], [IdPregunta], [Opcion], [Contenido], [Correcta], [Foto]) VALUES (58, 59, 2, N'Simón Bolívar', 0, NULL)
INSERT [dbo].[Respuestas] ([IdRespuesta], [IdPregunta], [Opcion], [Contenido], [Correcta], [Foto]) VALUES (59, 59, 3, N'José de San Martín', 0, NULL)
INSERT [dbo].[Respuestas] ([IdRespuesta], [IdPregunta], [Opcion], [Contenido], [Correcta], [Foto]) VALUES (60, 59, 4, N'Miguel Hidalgo', 0, NULL)
INSERT [dbo].[Respuestas] ([IdRespuesta], [IdPregunta], [Opcion], [Contenido], [Correcta], [Foto]) VALUES (61, 60, 1, N'Mercurio', 1, NULL)
INSERT [dbo].[Respuestas] ([IdRespuesta], [IdPregunta], [Opcion], [Contenido], [Correcta], [Foto]) VALUES (62, 60, 2, N'Venus', 0, NULL)
INSERT [dbo].[Respuestas] ([IdRespuesta], [IdPregunta], [Opcion], [Contenido], [Correcta], [Foto]) VALUES (63, 60, 3, N'Tierra', 0, NULL)
INSERT [dbo].[Respuestas] ([IdRespuesta], [IdPregunta], [Opcion], [Contenido], [Correcta], [Foto]) VALUES (64, 60, 4, N'Marte', 0, NULL)
INSERT [dbo].[Respuestas] ([IdRespuesta], [IdPregunta], [Opcion], [Contenido], [Correcta], [Foto]) VALUES (65, 61, 1, N'Oxígeno', 1, NULL)
INSERT [dbo].[Respuestas] ([IdRespuesta], [IdPregunta], [Opcion], [Contenido], [Correcta], [Foto]) VALUES (66, 61, 2, N'Hidrógeno', 0, NULL)
INSERT [dbo].[Respuestas] ([IdRespuesta], [IdPregunta], [Opcion], [Contenido], [Correcta], [Foto]) VALUES (67, 61, 3, N'Helio', 0, NULL)
INSERT [dbo].[Respuestas] ([IdRespuesta], [IdPregunta], [Opcion], [Contenido], [Correcta], [Foto]) VALUES (68, 61, 4, N'Dióxido de carbono', 0, NULL)
INSERT [dbo].[Respuestas] ([IdRespuesta], [IdPregunta], [Opcion], [Contenido], [Correcta], [Foto]) VALUES (69, 62, 1, N'8', 1, NULL)
INSERT [dbo].[Respuestas] ([IdRespuesta], [IdPregunta], [Opcion], [Contenido], [Correcta], [Foto]) VALUES (70, 62, 2, N'7', 0, NULL)
INSERT [dbo].[Respuestas] ([IdRespuesta], [IdPregunta], [Opcion], [Contenido], [Correcta], [Foto]) VALUES (71, 62, 3, N'9', 0, NULL)
INSERT [dbo].[Respuestas] ([IdRespuesta], [IdPregunta], [Opcion], [Contenido], [Correcta], [Foto]) VALUES (72, 62, 4, N'10', 0, NULL)
INSERT [dbo].[Respuestas] ([IdRespuesta], [IdPregunta], [Opcion], [Contenido], [Correcta], [Foto]) VALUES (73, 63, 1, N'Piel', 1, NULL)
INSERT [dbo].[Respuestas] ([IdRespuesta], [IdPregunta], [Opcion], [Contenido], [Correcta], [Foto]) VALUES (74, 63, 2, N'Corazón', 0, NULL)
INSERT [dbo].[Respuestas] ([IdRespuesta], [IdPregunta], [Opcion], [Contenido], [Correcta], [Foto]) VALUES (75, 63, 3, N'Hígado', 0, NULL)
INSERT [dbo].[Respuestas] ([IdRespuesta], [IdPregunta], [Opcion], [Contenido], [Correcta], [Foto]) VALUES (76, 63, 4, N'Cerebro', 0, NULL)
INSERT [dbo].[Respuestas] ([IdRespuesta], [IdPregunta], [Opcion], [Contenido], [Correcta], [Foto]) VALUES (77, 64, 1, N'Clorofila', 1, NULL)
INSERT [dbo].[Respuestas] ([IdRespuesta], [IdPregunta], [Opcion], [Contenido], [Correcta], [Foto]) VALUES (78, 64, 2, N'Celulosa', 0, NULL)
INSERT [dbo].[Respuestas] ([IdRespuesta], [IdPregunta], [Opcion], [Contenido], [Correcta], [Foto]) VALUES (79, 64, 3, N'Glucosa', 0, NULL)
INSERT [dbo].[Respuestas] ([IdRespuesta], [IdPregunta], [Opcion], [Contenido], [Correcta], [Foto]) VALUES (80, 64, 4, N'Savia', 0, NULL)
INSERT [dbo].[Respuestas] ([IdRespuesta], [IdPregunta], [Opcion], [Contenido], [Correcta], [Foto]) VALUES (81, 65, 1, N'H2O', 1, NULL)
INSERT [dbo].[Respuestas] ([IdRespuesta], [IdPregunta], [Opcion], [Contenido], [Correcta], [Foto]) VALUES (82, 65, 2, N'O2', 0, NULL)
INSERT [dbo].[Respuestas] ([IdRespuesta], [IdPregunta], [Opcion], [Contenido], [Correcta], [Foto]) VALUES (83, 65, 3, N'CO2', 0, NULL)
INSERT [dbo].[Respuestas] ([IdRespuesta], [IdPregunta], [Opcion], [Contenido], [Correcta], [Foto]) VALUES (84, 65, 4, N'H2', 0, NULL)
INSERT [dbo].[Respuestas] ([IdRespuesta], [IdPregunta], [Opcion], [Contenido], [Correcta], [Foto]) VALUES (85, 66, 1, N'Aluminio', 1, NULL)
INSERT [dbo].[Respuestas] ([IdRespuesta], [IdPregunta], [Opcion], [Contenido], [Correcta], [Foto]) VALUES (86, 66, 2, N'Hierro', 0, NULL)
INSERT [dbo].[Respuestas] ([IdRespuesta], [IdPregunta], [Opcion], [Contenido], [Correcta], [Foto]) VALUES (87, 66, 3, N'Calcio', 0, NULL)
INSERT [dbo].[Respuestas] ([IdRespuesta], [IdPregunta], [Opcion], [Contenido], [Correcta], [Foto]) VALUES (88, 66, 4, N'Plata', 0, NULL)
INSERT [dbo].[Respuestas] ([IdRespuesta], [IdPregunta], [Opcion], [Contenido], [Correcta], [Foto]) VALUES (89, 67, 1, N'Albert Einstein', 1, NULL)
INSERT [dbo].[Respuestas] ([IdRespuesta], [IdPregunta], [Opcion], [Contenido], [Correcta], [Foto]) VALUES (90, 67, 2, N'Isaac Newton', 0, NULL)
INSERT [dbo].[Respuestas] ([IdRespuesta], [IdPregunta], [Opcion], [Contenido], [Correcta], [Foto]) VALUES (91, 67, 3, N'Nikola Tesla', 0, NULL)
INSERT [dbo].[Respuestas] ([IdRespuesta], [IdPregunta], [Opcion], [Contenido], [Correcta], [Foto]) VALUES (92, 67, 4, N'Galileo Galilei', 0, NULL)
INSERT [dbo].[Respuestas] ([IdRespuesta], [IdPregunta], [Opcion], [Contenido], [Correcta], [Foto]) VALUES (93, 68, 1, N'Sodio', 1, NULL)
INSERT [dbo].[Respuestas] ([IdRespuesta], [IdPregunta], [Opcion], [Contenido], [Correcta], [Foto]) VALUES (94, 68, 2, N'Potasio', 0, NULL)
INSERT [dbo].[Respuestas] ([IdRespuesta], [IdPregunta], [Opcion], [Contenido], [Correcta], [Foto]) VALUES (95, 68, 3, N'Magnesio', 0, NULL)
INSERT [dbo].[Respuestas] ([IdRespuesta], [IdPregunta], [Opcion], [Contenido], [Correcta], [Foto]) VALUES (96, 68, 4, N'Neón', 0, NULL)
INSERT [dbo].[Respuestas] ([IdRespuesta], [IdPregunta], [Opcion], [Contenido], [Correcta], [Foto]) VALUES (97, 69, 1, N'Enana amarilla', 1, NULL)
INSERT [dbo].[Respuestas] ([IdRespuesta], [IdPregunta], [Opcion], [Contenido], [Correcta], [Foto]) VALUES (98, 69, 2, N'Gigante roja', 0, NULL)
INSERT [dbo].[Respuestas] ([IdRespuesta], [IdPregunta], [Opcion], [Contenido], [Correcta], [Foto]) VALUES (99, 69, 3, N'Enana blanca', 0, NULL)
GO
INSERT [dbo].[Respuestas] ([IdRespuesta], [IdPregunta], [Opcion], [Contenido], [Correcta], [Foto]) VALUES (100, 69, 4, N'Estrella de neutrones', 0, NULL)
INSERT [dbo].[Respuestas] ([IdRespuesta], [IdPregunta], [Opcion], [Contenido], [Correcta], [Foto]) VALUES (101, 70, 1, N'Electrón', 1, NULL)
INSERT [dbo].[Respuestas] ([IdRespuesta], [IdPregunta], [Opcion], [Contenido], [Correcta], [Foto]) VALUES (102, 70, 2, N'Protón', 0, NULL)
INSERT [dbo].[Respuestas] ([IdRespuesta], [IdPregunta], [Opcion], [Contenido], [Correcta], [Foto]) VALUES (103, 70, 3, N'Neutrón', 0, NULL)
INSERT [dbo].[Respuestas] ([IdRespuesta], [IdPregunta], [Opcion], [Contenido], [Correcta], [Foto]) VALUES (104, 70, 4, N'Quark', 0, NULL)
INSERT [dbo].[Respuestas] ([IdRespuesta], [IdPregunta], [Opcion], [Contenido], [Correcta], [Foto]) VALUES (105, 71, 1, N'299,792,458 m/s', 1, NULL)
INSERT [dbo].[Respuestas] ([IdRespuesta], [IdPregunta], [Opcion], [Contenido], [Correcta], [Foto]) VALUES (106, 71, 2, N'300,000,000 m/s', 0, NULL)
INSERT [dbo].[Respuestas] ([IdRespuesta], [IdPregunta], [Opcion], [Contenido], [Correcta], [Foto]) VALUES (107, 71, 3, N'150,000,000 m/s', 0, NULL)
INSERT [dbo].[Respuestas] ([IdRespuesta], [IdPregunta], [Opcion], [Contenido], [Correcta], [Foto]) VALUES (108, 71, 4, N'250,000,000 m/s', 0, NULL)
INSERT [dbo].[Respuestas] ([IdRespuesta], [IdPregunta], [Opcion], [Contenido], [Correcta], [Foto]) VALUES (109, 72, 1, N'Dmitri Mendeléyev', 1, NULL)
INSERT [dbo].[Respuestas] ([IdRespuesta], [IdPregunta], [Opcion], [Contenido], [Correcta], [Foto]) VALUES (110, 72, 2, N'Alfred Nobel', 0, NULL)
INSERT [dbo].[Respuestas] ([IdRespuesta], [IdPregunta], [Opcion], [Contenido], [Correcta], [Foto]) VALUES (111, 72, 3, N'Marie Curie', 0, NULL)
INSERT [dbo].[Respuestas] ([IdRespuesta], [IdPregunta], [Opcion], [Contenido], [Correcta], [Foto]) VALUES (112, 72, 4, N'Isaac Newton', 0, NULL)
INSERT [dbo].[Respuestas] ([IdRespuesta], [IdPregunta], [Opcion], [Contenido], [Correcta], [Foto]) VALUES (113, 73, 1, N'Júpiter', 1, NULL)
INSERT [dbo].[Respuestas] ([IdRespuesta], [IdPregunta], [Opcion], [Contenido], [Correcta], [Foto]) VALUES (114, 73, 2, N'Saturno', 0, NULL)
INSERT [dbo].[Respuestas] ([IdRespuesta], [IdPregunta], [Opcion], [Contenido], [Correcta], [Foto]) VALUES (115, 73, 3, N'Neptuno', 0, NULL)
INSERT [dbo].[Respuestas] ([IdRespuesta], [IdPregunta], [Opcion], [Contenido], [Correcta], [Foto]) VALUES (116, 73, 4, N'Tierra', 0, NULL)
INSERT [dbo].[Respuestas] ([IdRespuesta], [IdPregunta], [Opcion], [Contenido], [Correcta], [Foto]) VALUES (117, 74, 1, N'ADN', 1, NULL)
INSERT [dbo].[Respuestas] ([IdRespuesta], [IdPregunta], [Opcion], [Contenido], [Correcta], [Foto]) VALUES (118, 74, 2, N'ARN', 0, NULL)
INSERT [dbo].[Respuestas] ([IdRespuesta], [IdPregunta], [Opcion], [Contenido], [Correcta], [Foto]) VALUES (119, 74, 3, N'Proteína', 0, NULL)
INSERT [dbo].[Respuestas] ([IdRespuesta], [IdPregunta], [Opcion], [Contenido], [Correcta], [Foto]) VALUES (120, 74, 4, N'Lípido', 0, NULL)
INSERT [dbo].[Respuestas] ([IdRespuesta], [IdPregunta], [Opcion], [Contenido], [Correcta], [Foto]) VALUES (121, 75, 1, N'Amazonas', 1, NULL)
INSERT [dbo].[Respuestas] ([IdRespuesta], [IdPregunta], [Opcion], [Contenido], [Correcta], [Foto]) VALUES (122, 75, 2, N'Nilo', 0, NULL)
INSERT [dbo].[Respuestas] ([IdRespuesta], [IdPregunta], [Opcion], [Contenido], [Correcta], [Foto]) VALUES (123, 75, 3, N'Misisipi', 0, NULL)
INSERT [dbo].[Respuestas] ([IdRespuesta], [IdPregunta], [Opcion], [Contenido], [Correcta], [Foto]) VALUES (124, 75, 4, N'Yangtsé', 0, NULL)
INSERT [dbo].[Respuestas] ([IdRespuesta], [IdPregunta], [Opcion], [Contenido], [Correcta], [Foto]) VALUES (125, 76, 1, N'Africa', 1, NULL)
INSERT [dbo].[Respuestas] ([IdRespuesta], [IdPregunta], [Opcion], [Contenido], [Correcta], [Foto]) VALUES (126, 76, 2, N'Asia', 0, NULL)
INSERT [dbo].[Respuestas] ([IdRespuesta], [IdPregunta], [Opcion], [Contenido], [Correcta], [Foto]) VALUES (127, 76, 3, N'Europa', 0, NULL)
INSERT [dbo].[Respuestas] ([IdRespuesta], [IdPregunta], [Opcion], [Contenido], [Correcta], [Foto]) VALUES (128, 76, 4, N'América', 0, NULL)
INSERT [dbo].[Respuestas] ([IdRespuesta], [IdPregunta], [Opcion], [Contenido], [Correcta], [Foto]) VALUES (129, 77, 1, N'Océano Pacífico', 1, NULL)
INSERT [dbo].[Respuestas] ([IdRespuesta], [IdPregunta], [Opcion], [Contenido], [Correcta], [Foto]) VALUES (130, 77, 2, N'Océano Atlántico', 0, NULL)
INSERT [dbo].[Respuestas] ([IdRespuesta], [IdPregunta], [Opcion], [Contenido], [Correcta], [Foto]) VALUES (131, 77, 3, N'Océano Índico', 0, NULL)
INSERT [dbo].[Respuestas] ([IdRespuesta], [IdPregunta], [Opcion], [Contenido], [Correcta], [Foto]) VALUES (132, 77, 4, N'Océano Ártico', 0, NULL)
INSERT [dbo].[Respuestas] ([IdRespuesta], [IdPregunta], [Opcion], [Contenido], [Correcta], [Foto]) VALUES (133, 78, 1, N'Francia', 1, NULL)
INSERT [dbo].[Respuestas] ([IdRespuesta], [IdPregunta], [Opcion], [Contenido], [Correcta], [Foto]) VALUES (134, 78, 2, N'Italia', 0, NULL)
INSERT [dbo].[Respuestas] ([IdRespuesta], [IdPregunta], [Opcion], [Contenido], [Correcta], [Foto]) VALUES (135, 78, 3, N'España', 0, NULL)
INSERT [dbo].[Respuestas] ([IdRespuesta], [IdPregunta], [Opcion], [Contenido], [Correcta], [Foto]) VALUES (136, 78, 4, N'Alemania', 0, NULL)
INSERT [dbo].[Respuestas] ([IdRespuesta], [IdPregunta], [Opcion], [Contenido], [Correcta], [Foto]) VALUES (137, 79, 1, N'Sahara', 1, NULL)
INSERT [dbo].[Respuestas] ([IdRespuesta], [IdPregunta], [Opcion], [Contenido], [Correcta], [Foto]) VALUES (138, 79, 2, N'Gobi', 0, NULL)
INSERT [dbo].[Respuestas] ([IdRespuesta], [IdPregunta], [Opcion], [Contenido], [Correcta], [Foto]) VALUES (139, 79, 3, N'Atacama', 0, NULL)
INSERT [dbo].[Respuestas] ([IdRespuesta], [IdPregunta], [Opcion], [Contenido], [Correcta], [Foto]) VALUES (140, 79, 4, N'Kalahari', 0, NULL)
INSERT [dbo].[Respuestas] ([IdRespuesta], [IdPregunta], [Opcion], [Contenido], [Correcta], [Foto]) VALUES (141, 80, 1, N'Ottawa', 1, NULL)
INSERT [dbo].[Respuestas] ([IdRespuesta], [IdPregunta], [Opcion], [Contenido], [Correcta], [Foto]) VALUES (142, 80, 2, N'Toronto', 0, NULL)
INSERT [dbo].[Respuestas] ([IdRespuesta], [IdPregunta], [Opcion], [Contenido], [Correcta], [Foto]) VALUES (143, 80, 3, N'Vancouver', 0, NULL)
INSERT [dbo].[Respuestas] ([IdRespuesta], [IdPregunta], [Opcion], [Contenido], [Correcta], [Foto]) VALUES (144, 80, 4, N'Montreal', 0, NULL)
INSERT [dbo].[Respuestas] ([IdRespuesta], [IdPregunta], [Opcion], [Contenido], [Correcta], [Foto]) VALUES (145, 81, 1, N'Vaticano', 1, NULL)
INSERT [dbo].[Respuestas] ([IdRespuesta], [IdPregunta], [Opcion], [Contenido], [Correcta], [Foto]) VALUES (146, 81, 2, N'Mónaco', 0, NULL)
INSERT [dbo].[Respuestas] ([IdRespuesta], [IdPregunta], [Opcion], [Contenido], [Correcta], [Foto]) VALUES (147, 81, 3, N'San Marino', 0, NULL)
INSERT [dbo].[Respuestas] ([IdRespuesta], [IdPregunta], [Opcion], [Contenido], [Correcta], [Foto]) VALUES (148, 81, 4, N'Liechtenstein', 0, NULL)
INSERT [dbo].[Respuestas] ([IdRespuesta], [IdPregunta], [Opcion], [Contenido], [Correcta], [Foto]) VALUES (149, 82, 1, N'Nepal', 1, NULL)
INSERT [dbo].[Respuestas] ([IdRespuesta], [IdPregunta], [Opcion], [Contenido], [Correcta], [Foto]) VALUES (150, 82, 2, N'China', 0, NULL)
INSERT [dbo].[Respuestas] ([IdRespuesta], [IdPregunta], [Opcion], [Contenido], [Correcta], [Foto]) VALUES (151, 82, 3, N'India', 0, NULL)
INSERT [dbo].[Respuestas] ([IdRespuesta], [IdPregunta], [Opcion], [Contenido], [Correcta], [Foto]) VALUES (152, 82, 4, N'Bután', 0, NULL)
INSERT [dbo].[Respuestas] ([IdRespuesta], [IdPregunta], [Opcion], [Contenido], [Correcta], [Foto]) VALUES (153, 83, 1, N'Brasil', 1, NULL)
INSERT [dbo].[Respuestas] ([IdRespuesta], [IdPregunta], [Opcion], [Contenido], [Correcta], [Foto]) VALUES (154, 83, 2, N'Argentina', 0, NULL)
INSERT [dbo].[Respuestas] ([IdRespuesta], [IdPregunta], [Opcion], [Contenido], [Correcta], [Foto]) VALUES (155, 83, 3, N'Colombia', 0, NULL)
INSERT [dbo].[Respuestas] ([IdRespuesta], [IdPregunta], [Opcion], [Contenido], [Correcta], [Foto]) VALUES (156, 83, 4, N'Perú', 0, NULL)
INSERT [dbo].[Respuestas] ([IdRespuesta], [IdPregunta], [Opcion], [Contenido], [Correcta], [Foto]) VALUES (157, 84, 1, N'Canberra', 1, NULL)
INSERT [dbo].[Respuestas] ([IdRespuesta], [IdPregunta], [Opcion], [Contenido], [Correcta], [Foto]) VALUES (158, 84, 2, N'Sydney', 0, NULL)
INSERT [dbo].[Respuestas] ([IdRespuesta], [IdPregunta], [Opcion], [Contenido], [Correcta], [Foto]) VALUES (159, 84, 3, N'Melbourne', 0, NULL)
INSERT [dbo].[Respuestas] ([IdRespuesta], [IdPregunta], [Opcion], [Contenido], [Correcta], [Foto]) VALUES (160, 84, 4, N'Brisbane', 0, NULL)
INSERT [dbo].[Respuestas] ([IdRespuesta], [IdPregunta], [Opcion], [Contenido], [Correcta], [Foto]) VALUES (161, 85, 1, N'Ulan Bator', 1, NULL)
INSERT [dbo].[Respuestas] ([IdRespuesta], [IdPregunta], [Opcion], [Contenido], [Correcta], [Foto]) VALUES (162, 85, 2, N'Tashkent', 0, NULL)
INSERT [dbo].[Respuestas] ([IdRespuesta], [IdPregunta], [Opcion], [Contenido], [Correcta], [Foto]) VALUES (163, 85, 3, N'Almaty', 0, NULL)
INSERT [dbo].[Respuestas] ([IdRespuesta], [IdPregunta], [Opcion], [Contenido], [Correcta], [Foto]) VALUES (164, 85, 4, N'Bishkek', 0, NULL)
INSERT [dbo].[Respuestas] ([IdRespuesta], [IdPregunta], [Opcion], [Contenido], [Correcta], [Foto]) VALUES (165, 86, 1, N'Suecia', 1, NULL)
INSERT [dbo].[Respuestas] ([IdRespuesta], [IdPregunta], [Opcion], [Contenido], [Correcta], [Foto]) VALUES (166, 86, 2, N'Filipinas', 0, NULL)
INSERT [dbo].[Respuestas] ([IdRespuesta], [IdPregunta], [Opcion], [Contenido], [Correcta], [Foto]) VALUES (167, 86, 3, N'Indonesia', 0, NULL)
INSERT [dbo].[Respuestas] ([IdRespuesta], [IdPregunta], [Opcion], [Contenido], [Correcta], [Foto]) VALUES (168, 86, 4, N'Canadá', 0, NULL)
INSERT [dbo].[Respuestas] ([IdRespuesta], [IdPregunta], [Opcion], [Contenido], [Correcta], [Foto]) VALUES (169, 87, 1, N'Mar Muerto', 1, NULL)
INSERT [dbo].[Respuestas] ([IdRespuesta], [IdPregunta], [Opcion], [Contenido], [Correcta], [Foto]) VALUES (170, 87, 2, N'Gran Cañón', 0, NULL)
INSERT [dbo].[Respuestas] ([IdRespuesta], [IdPregunta], [Opcion], [Contenido], [Correcta], [Foto]) VALUES (171, 87, 3, N'Valle de la Muerte', 0, NULL)
INSERT [dbo].[Respuestas] ([IdRespuesta], [IdPregunta], [Opcion], [Contenido], [Correcta], [Foto]) VALUES (172, 87, 4, N'Delta del Okavango', 0, NULL)
INSERT [dbo].[Respuestas] ([IdRespuesta], [IdPregunta], [Opcion], [Contenido], [Correcta], [Foto]) VALUES (173, 88, 1, N'Indonesia', 1, NULL)
INSERT [dbo].[Respuestas] ([IdRespuesta], [IdPregunta], [Opcion], [Contenido], [Correcta], [Foto]) VALUES (174, 88, 2, N'Japón', 0, NULL)
INSERT [dbo].[Respuestas] ([IdRespuesta], [IdPregunta], [Opcion], [Contenido], [Correcta], [Foto]) VALUES (175, 88, 3, N'Chile', 0, NULL)
INSERT [dbo].[Respuestas] ([IdRespuesta], [IdPregunta], [Opcion], [Contenido], [Correcta], [Foto]) VALUES (176, 88, 4, N'Italia', 0, NULL)
INSERT [dbo].[Respuestas] ([IdRespuesta], [IdPregunta], [Opcion], [Contenido], [Correcta], [Foto]) VALUES (177, 89, 1, N'Mar Rojo', 1, NULL)
INSERT [dbo].[Respuestas] ([IdRespuesta], [IdPregunta], [Opcion], [Contenido], [Correcta], [Foto]) VALUES (178, 89, 2, N'Mar Báltico', 0, NULL)
INSERT [dbo].[Respuestas] ([IdRespuesta], [IdPregunta], [Opcion], [Contenido], [Correcta], [Foto]) VALUES (179, 89, 3, N'Mar de Arabia', 0, NULL)
INSERT [dbo].[Respuestas] ([IdRespuesta], [IdPregunta], [Opcion], [Contenido], [Correcta], [Foto]) VALUES (180, 89, 4, N'Mar Caribe', 0, NULL)
INSERT [dbo].[Respuestas] ([IdRespuesta], [IdPregunta], [Opcion], [Contenido], [Correcta], [Foto]) VALUES (181, 90, 1, N'Leonardo da Vinci', 1, NULL)
INSERT [dbo].[Respuestas] ([IdRespuesta], [IdPregunta], [Opcion], [Contenido], [Correcta], [Foto]) VALUES (182, 90, 2, N'Vincent van Gogh', 0, NULL)
INSERT [dbo].[Respuestas] ([IdRespuesta], [IdPregunta], [Opcion], [Contenido], [Correcta], [Foto]) VALUES (183, 90, 3, N'Pablo Picasso', 0, NULL)
INSERT [dbo].[Respuestas] ([IdRespuesta], [IdPregunta], [Opcion], [Contenido], [Correcta], [Foto]) VALUES (184, 90, 4, N'Michelangelo', 0, NULL)
INSERT [dbo].[Respuestas] ([IdRespuesta], [IdPregunta], [Opcion], [Contenido], [Correcta], [Foto]) VALUES (185, 91, 1, N'Francia', 1, NULL)
INSERT [dbo].[Respuestas] ([IdRespuesta], [IdPregunta], [Opcion], [Contenido], [Correcta], [Foto]) VALUES (186, 91, 2, N'España', 0, NULL)
INSERT [dbo].[Respuestas] ([IdRespuesta], [IdPregunta], [Opcion], [Contenido], [Correcta], [Foto]) VALUES (187, 91, 3, N'Italia', 0, NULL)
INSERT [dbo].[Respuestas] ([IdRespuesta], [IdPregunta], [Opcion], [Contenido], [Correcta], [Foto]) VALUES (188, 91, 4, N'Inglaterra', 0, NULL)
INSERT [dbo].[Respuestas] ([IdRespuesta], [IdPregunta], [Opcion], [Contenido], [Correcta], [Foto]) VALUES (189, 92, 1, N'Vincent van Gogh', 1, NULL)
INSERT [dbo].[Respuestas] ([IdRespuesta], [IdPregunta], [Opcion], [Contenido], [Correcta], [Foto]) VALUES (190, 92, 2, N'Claude Monet', 0, NULL)
INSERT [dbo].[Respuestas] ([IdRespuesta], [IdPregunta], [Opcion], [Contenido], [Correcta], [Foto]) VALUES (191, 92, 3, N'Gustav Klimt', 0, NULL)
INSERT [dbo].[Respuestas] ([IdRespuesta], [IdPregunta], [Opcion], [Contenido], [Correcta], [Foto]) VALUES (192, 92, 4, N'Edvard Munch', 0, NULL)
INSERT [dbo].[Respuestas] ([IdRespuesta], [IdPregunta], [Opcion], [Contenido], [Correcta], [Foto]) VALUES (193, 93, 1, N'España', 1, NULL)
INSERT [dbo].[Respuestas] ([IdRespuesta], [IdPregunta], [Opcion], [Contenido], [Correcta], [Foto]) VALUES (194, 93, 2, N'Francia', 0, NULL)
INSERT [dbo].[Respuestas] ([IdRespuesta], [IdPregunta], [Opcion], [Contenido], [Correcta], [Foto]) VALUES (195, 93, 3, N'Italia', 0, NULL)
INSERT [dbo].[Respuestas] ([IdRespuesta], [IdPregunta], [Opcion], [Contenido], [Correcta], [Foto]) VALUES (196, 93, 4, N'Holanda', 0, NULL)
INSERT [dbo].[Respuestas] ([IdRespuesta], [IdPregunta], [Opcion], [Contenido], [Correcta], [Foto]) VALUES (197, 94, 1, N'Michelangelo', 1, NULL)
INSERT [dbo].[Respuestas] ([IdRespuesta], [IdPregunta], [Opcion], [Contenido], [Correcta], [Foto]) VALUES (198, 94, 2, N'Raphael', 0, NULL)
INSERT [dbo].[Respuestas] ([IdRespuesta], [IdPregunta], [Opcion], [Contenido], [Correcta], [Foto]) VALUES (199, 94, 3, N'Leonardo da Vinci', 0, NULL)
GO
INSERT [dbo].[Respuestas] ([IdRespuesta], [IdPregunta], [Opcion], [Contenido], [Correcta], [Foto]) VALUES (200, 94, 4, N'Caravaggio', 0, NULL)
INSERT [dbo].[Respuestas] ([IdRespuesta], [IdPregunta], [Opcion], [Contenido], [Correcta], [Foto]) VALUES (201, 95, 1, N'Surrealismo', 1, NULL)
INSERT [dbo].[Respuestas] ([IdRespuesta], [IdPregunta], [Opcion], [Contenido], [Correcta], [Foto]) VALUES (202, 95, 2, N'Impresionismo', 0, NULL)
INSERT [dbo].[Respuestas] ([IdRespuesta], [IdPregunta], [Opcion], [Contenido], [Correcta], [Foto]) VALUES (203, 95, 3, N'Cubismo', 0, NULL)
INSERT [dbo].[Respuestas] ([IdRespuesta], [IdPregunta], [Opcion], [Contenido], [Correcta], [Foto]) VALUES (204, 95, 4, N'Expresionismo', 0, NULL)
INSERT [dbo].[Respuestas] ([IdRespuesta], [IdPregunta], [Opcion], [Contenido], [Correcta], [Foto]) VALUES (205, 96, 1, N'Vincent van Gogh', 1, NULL)
INSERT [dbo].[Respuestas] ([IdRespuesta], [IdPregunta], [Opcion], [Contenido], [Correcta], [Foto]) VALUES (206, 96, 2, N'Claude Monet', 0, NULL)
INSERT [dbo].[Respuestas] ([IdRespuesta], [IdPregunta], [Opcion], [Contenido], [Correcta], [Foto]) VALUES (207, 96, 3, N'Paul Cézanne', 0, NULL)
INSERT [dbo].[Respuestas] ([IdRespuesta], [IdPregunta], [Opcion], [Contenido], [Correcta], [Foto]) VALUES (208, 96, 4, N'Gustav Klimt', 0, NULL)
INSERT [dbo].[Respuestas] ([IdRespuesta], [IdPregunta], [Opcion], [Contenido], [Correcta], [Foto]) VALUES (209, 97, 1, N'Cubismo', 1, NULL)
INSERT [dbo].[Respuestas] ([IdRespuesta], [IdPregunta], [Opcion], [Contenido], [Correcta], [Foto]) VALUES (210, 97, 2, N'Surrealismo', 0, NULL)
INSERT [dbo].[Respuestas] ([IdRespuesta], [IdPregunta], [Opcion], [Contenido], [Correcta], [Foto]) VALUES (211, 97, 3, N'Expresionismo', 0, NULL)
INSERT [dbo].[Respuestas] ([IdRespuesta], [IdPregunta], [Opcion], [Contenido], [Correcta], [Foto]) VALUES (212, 97, 4, N'Impresionismo', 0, NULL)
INSERT [dbo].[Respuestas] ([IdRespuesta], [IdPregunta], [Opcion], [Contenido], [Correcta], [Foto]) VALUES (213, 98, 1, N'Siglo XVI', 1, NULL)
INSERT [dbo].[Respuestas] ([IdRespuesta], [IdPregunta], [Opcion], [Contenido], [Correcta], [Foto]) VALUES (214, 98, 2, N'Siglo XV', 0, NULL)
INSERT [dbo].[Respuestas] ([IdRespuesta], [IdPregunta], [Opcion], [Contenido], [Correcta], [Foto]) VALUES (215, 98, 3, N'Siglo XVII', 0, NULL)
INSERT [dbo].[Respuestas] ([IdRespuesta], [IdPregunta], [Opcion], [Contenido], [Correcta], [Foto]) VALUES (216, 98, 4, N'Siglo XIV', 0, NULL)
INSERT [dbo].[Respuestas] ([IdRespuesta], [IdPregunta], [Opcion], [Contenido], [Correcta], [Foto]) VALUES (217, 99, 1, N'Michelangelo', 1, NULL)
INSERT [dbo].[Respuestas] ([IdRespuesta], [IdPregunta], [Opcion], [Contenido], [Correcta], [Foto]) VALUES (218, 99, 2, N'Leonardo da Vinci', 0, NULL)
INSERT [dbo].[Respuestas] ([IdRespuesta], [IdPregunta], [Opcion], [Contenido], [Correcta], [Foto]) VALUES (219, 99, 3, N'Gian Lorenzo Bernini', 0, NULL)
INSERT [dbo].[Respuestas] ([IdRespuesta], [IdPregunta], [Opcion], [Contenido], [Correcta], [Foto]) VALUES (220, 99, 4, N'Gustav Klimt', 0, NULL)
INSERT [dbo].[Respuestas] ([IdRespuesta], [IdPregunta], [Opcion], [Contenido], [Correcta], [Foto]) VALUES (221, 100, 1, N'Oslo', 1, NULL)
INSERT [dbo].[Respuestas] ([IdRespuesta], [IdPregunta], [Opcion], [Contenido], [Correcta], [Foto]) VALUES (222, 100, 2, N'Copenhague', 0, NULL)
INSERT [dbo].[Respuestas] ([IdRespuesta], [IdPregunta], [Opcion], [Contenido], [Correcta], [Foto]) VALUES (223, 100, 3, N'Stockholm', 0, NULL)
INSERT [dbo].[Respuestas] ([IdRespuesta], [IdPregunta], [Opcion], [Contenido], [Correcta], [Foto]) VALUES (224, 100, 4, N'Berlín', 0, NULL)
INSERT [dbo].[Respuestas] ([IdRespuesta], [IdPregunta], [Opcion], [Contenido], [Correcta], [Foto]) VALUES (225, 101, 1, N'Claude Monet', 1, NULL)
INSERT [dbo].[Respuestas] ([IdRespuesta], [IdPregunta], [Opcion], [Contenido], [Correcta], [Foto]) VALUES (226, 101, 2, N'Edgar Degas', 0, NULL)
INSERT [dbo].[Respuestas] ([IdRespuesta], [IdPregunta], [Opcion], [Contenido], [Correcta], [Foto]) VALUES (227, 101, 3, N'Pierre-Auguste Renoir', 0, NULL)
INSERT [dbo].[Respuestas] ([IdRespuesta], [IdPregunta], [Opcion], [Contenido], [Correcta], [Foto]) VALUES (228, 101, 4, N'Alfred Sisley', 0, NULL)
INSERT [dbo].[Respuestas] ([IdRespuesta], [IdPregunta], [Opcion], [Contenido], [Correcta], [Foto]) VALUES (229, 102, 1, N'Marcel Duchamp', 1, NULL)
INSERT [dbo].[Respuestas] ([IdRespuesta], [IdPregunta], [Opcion], [Contenido], [Correcta], [Foto]) VALUES (230, 102, 2, N'Pablo Picasso', 0, NULL)
INSERT [dbo].[Respuestas] ([IdRespuesta], [IdPregunta], [Opcion], [Contenido], [Correcta], [Foto]) VALUES (231, 102, 3, N'Jackson Pollock', 0, NULL)
INSERT [dbo].[Respuestas] ([IdRespuesta], [IdPregunta], [Opcion], [Contenido], [Correcta], [Foto]) VALUES (232, 102, 4, N'Andy Warhol', 0, NULL)
INSERT [dbo].[Respuestas] ([IdRespuesta], [IdPregunta], [Opcion], [Contenido], [Correcta], [Foto]) VALUES (233, 103, 1, N'Michelangelo Merisi', 1, NULL)
INSERT [dbo].[Respuestas] ([IdRespuesta], [IdPregunta], [Opcion], [Contenido], [Correcta], [Foto]) VALUES (234, 103, 2, N'Gian Lorenzo Bernini', 0, NULL)
INSERT [dbo].[Respuestas] ([IdRespuesta], [IdPregunta], [Opcion], [Contenido], [Correcta], [Foto]) VALUES (235, 103, 3, N'Giotto di Bondone', 0, NULL)
INSERT [dbo].[Respuestas] ([IdRespuesta], [IdPregunta], [Opcion], [Contenido], [Correcta], [Foto]) VALUES (236, 103, 4, N'Giovanni Bellini', 0, NULL)
INSERT [dbo].[Respuestas] ([IdRespuesta], [IdPregunta], [Opcion], [Contenido], [Correcta], [Foto]) VALUES (237, 104, 1, N'Museo del Prado', 1, NULL)
INSERT [dbo].[Respuestas] ([IdRespuesta], [IdPregunta], [Opcion], [Contenido], [Correcta], [Foto]) VALUES (238, 104, 2, N'Museo del Louvre', 0, NULL)
INSERT [dbo].[Respuestas] ([IdRespuesta], [IdPregunta], [Opcion], [Contenido], [Correcta], [Foto]) VALUES (239, 104, 3, N'Museo Nacional de Arte Moderno', 0, NULL)
INSERT [dbo].[Respuestas] ([IdRespuesta], [IdPregunta], [Opcion], [Contenido], [Correcta], [Foto]) VALUES (240, 104, 4, N'Museo Metropolitano de Arte', 0, NULL)
INSERT [dbo].[Respuestas] ([IdRespuesta], [IdPregunta], [Opcion], [Contenido], [Correcta], [Foto]) VALUES (241, 105, 1, N'11', 1, NULL)
INSERT [dbo].[Respuestas] ([IdRespuesta], [IdPregunta], [Opcion], [Contenido], [Correcta], [Foto]) VALUES (242, 105, 2, N'7', 0, NULL)
INSERT [dbo].[Respuestas] ([IdRespuesta], [IdPregunta], [Opcion], [Contenido], [Correcta], [Foto]) VALUES (243, 105, 3, N'9', 0, NULL)
INSERT [dbo].[Respuestas] ([IdRespuesta], [IdPregunta], [Opcion], [Contenido], [Correcta], [Foto]) VALUES (244, 105, 4, N'10', 0, NULL)
INSERT [dbo].[Respuestas] ([IdRespuesta], [IdPregunta], [Opcion], [Contenido], [Correcta], [Foto]) VALUES (245, 106, 1, N'Voleibol', 1, NULL)
INSERT [dbo].[Respuestas] ([IdRespuesta], [IdPregunta], [Opcion], [Contenido], [Correcta], [Foto]) VALUES (246, 106, 2, N'Baloncesto', 0, NULL)
INSERT [dbo].[Respuestas] ([IdRespuesta], [IdPregunta], [Opcion], [Contenido], [Correcta], [Foto]) VALUES (247, 106, 3, N'Fútbol', 0, NULL)
INSERT [dbo].[Respuestas] ([IdRespuesta], [IdPregunta], [Opcion], [Contenido], [Correcta], [Foto]) VALUES (248, 106, 4, N'Rugby', 0, NULL)
INSERT [dbo].[Respuestas] ([IdRespuesta], [IdPregunta], [Opcion], [Contenido], [Correcta], [Foto]) VALUES (249, 107, 1, N'Tenis', 1, NULL)
INSERT [dbo].[Respuestas] ([IdRespuesta], [IdPregunta], [Opcion], [Contenido], [Correcta], [Foto]) VALUES (250, 107, 2, N'Squash', 0, NULL)
INSERT [dbo].[Respuestas] ([IdRespuesta], [IdPregunta], [Opcion], [Contenido], [Correcta], [Foto]) VALUES (251, 107, 3, N'Ping Pong', 0, NULL)
INSERT [dbo].[Respuestas] ([IdRespuesta], [IdPregunta], [Opcion], [Contenido], [Correcta], [Foto]) VALUES (252, 107, 4, N'Badminton', 0, NULL)
INSERT [dbo].[Respuestas] ([IdRespuesta], [IdPregunta], [Opcion], [Contenido], [Correcta], [Foto]) VALUES (253, 108, 1, N'Hockey sobre hielo', 1, NULL)
INSERT [dbo].[Respuestas] ([IdRespuesta], [IdPregunta], [Opcion], [Contenido], [Correcta], [Foto]) VALUES (254, 108, 2, N'Fútbol', 0, NULL)
INSERT [dbo].[Respuestas] ([IdRespuesta], [IdPregunta], [Opcion], [Contenido], [Correcta], [Foto]) VALUES (255, 108, 3, N'Baloncesto', 0, NULL)
INSERT [dbo].[Respuestas] ([IdRespuesta], [IdPregunta], [Opcion], [Contenido], [Correcta], [Foto]) VALUES (256, 108, 4, N'Beisbol', 0, NULL)
INSERT [dbo].[Respuestas] ([IdRespuesta], [IdPregunta], [Opcion], [Contenido], [Correcta], [Foto]) VALUES (257, 109, 1, N'Tenis', 1, NULL)
INSERT [dbo].[Respuestas] ([IdRespuesta], [IdPregunta], [Opcion], [Contenido], [Correcta], [Foto]) VALUES (258, 109, 2, N'Golf', 0, NULL)
INSERT [dbo].[Respuestas] ([IdRespuesta], [IdPregunta], [Opcion], [Contenido], [Correcta], [Foto]) VALUES (259, 109, 3, N'Fútbol', 0, NULL)
INSERT [dbo].[Respuestas] ([IdRespuesta], [IdPregunta], [Opcion], [Contenido], [Correcta], [Foto]) VALUES (260, 109, 4, N'Críquet', 0, NULL)
INSERT [dbo].[Respuestas] ([IdRespuesta], [IdPregunta], [Opcion], [Contenido], [Correcta], [Foto]) VALUES (261, 110, 1, N'Hockey', 1, NULL)
INSERT [dbo].[Respuestas] ([IdRespuesta], [IdPregunta], [Opcion], [Contenido], [Correcta], [Foto]) VALUES (262, 110, 2, N'Tenis de mesa', 0, NULL)
INSERT [dbo].[Respuestas] ([IdRespuesta], [IdPregunta], [Opcion], [Contenido], [Correcta], [Foto]) VALUES (263, 110, 3, N'Golf', 0, NULL)
INSERT [dbo].[Respuestas] ([IdRespuesta], [IdPregunta], [Opcion], [Contenido], [Correcta], [Foto]) VALUES (264, 110, 4, N'Squash', 0, NULL)
INSERT [dbo].[Respuestas] ([IdRespuesta], [IdPregunta], [Opcion], [Contenido], [Correcta], [Foto]) VALUES (265, 111, 1, N'Copa Mundial de la FIFA', 1, NULL)
INSERT [dbo].[Respuestas] ([IdRespuesta], [IdPregunta], [Opcion], [Contenido], [Correcta], [Foto]) VALUES (266, 111, 2, N'Eurocopa', 0, NULL)
INSERT [dbo].[Respuestas] ([IdRespuesta], [IdPregunta], [Opcion], [Contenido], [Correcta], [Foto]) VALUES (267, 111, 3, N'Gold Cup', 0, NULL)
INSERT [dbo].[Respuestas] ([IdRespuesta], [IdPregunta], [Opcion], [Contenido], [Correcta], [Foto]) VALUES (268, 111, 4, N'Copa Libertadores', 0, NULL)
INSERT [dbo].[Respuestas] ([IdRespuesta], [IdPregunta], [Opcion], [Contenido], [Correcta], [Foto]) VALUES (269, 112, 1, N'6', 1, NULL)
INSERT [dbo].[Respuestas] ([IdRespuesta], [IdPregunta], [Opcion], [Contenido], [Correcta], [Foto]) VALUES (270, 112, 2, N'5', 0, NULL)
INSERT [dbo].[Respuestas] ([IdRespuesta], [IdPregunta], [Opcion], [Contenido], [Correcta], [Foto]) VALUES (271, 112, 3, N'7', 0, NULL)
INSERT [dbo].[Respuestas] ([IdRespuesta], [IdPregunta], [Opcion], [Contenido], [Correcta], [Foto]) VALUES (272, 112, 4, N'8', 0, NULL)
INSERT [dbo].[Respuestas] ([IdRespuesta], [IdPregunta], [Opcion], [Contenido], [Correcta], [Foto]) VALUES (273, 113, 1, N'Francia', 1, NULL)
INSERT [dbo].[Respuestas] ([IdRespuesta], [IdPregunta], [Opcion], [Contenido], [Correcta], [Foto]) VALUES (274, 113, 2, N'Croacia', 0, NULL)
INSERT [dbo].[Respuestas] ([IdRespuesta], [IdPregunta], [Opcion], [Contenido], [Correcta], [Foto]) VALUES (275, 113, 3, N'Brasil', 0, NULL)
INSERT [dbo].[Respuestas] ([IdRespuesta], [IdPregunta], [Opcion], [Contenido], [Correcta], [Foto]) VALUES (276, 113, 4, N'Alemania', 0, NULL)
INSERT [dbo].[Respuestas] ([IdRespuesta], [IdPregunta], [Opcion], [Contenido], [Correcta], [Foto]) VALUES (277, 114, 1, N'NBA', 1, NULL)
INSERT [dbo].[Respuestas] ([IdRespuesta], [IdPregunta], [Opcion], [Contenido], [Correcta], [Foto]) VALUES (278, 114, 2, N' NCAA', 0, NULL)
INSERT [dbo].[Respuestas] ([IdRespuesta], [IdPregunta], [Opcion], [Contenido], [Correcta], [Foto]) VALUES (279, 114, 3, N'EuroLeague', 0, NULL)
INSERT [dbo].[Respuestas] ([IdRespuesta], [IdPregunta], [Opcion], [Contenido], [Correcta], [Foto]) VALUES (280, 114, 4, N'FIBA World Cup', 0, NULL)
INSERT [dbo].[Respuestas] ([IdRespuesta], [IdPregunta], [Opcion], [Contenido], [Correcta], [Foto]) VALUES (281, 115, 1, N'Estados Unidos', 1, NULL)
INSERT [dbo].[Respuestas] ([IdRespuesta], [IdPregunta], [Opcion], [Contenido], [Correcta], [Foto]) VALUES (282, 115, 2, N'China', 0, NULL)
INSERT [dbo].[Respuestas] ([IdRespuesta], [IdPregunta], [Opcion], [Contenido], [Correcta], [Foto]) VALUES (283, 115, 3, N'Rusia', 0, NULL)
INSERT [dbo].[Respuestas] ([IdRespuesta], [IdPregunta], [Opcion], [Contenido], [Correcta], [Foto]) VALUES (284, 115, 4, N'Gran Bretaña', 0, NULL)
INSERT [dbo].[Respuestas] ([IdRespuesta], [IdPregunta], [Opcion], [Contenido], [Correcta], [Foto]) VALUES (285, 116, 1, N'9.58 segundos', 1, NULL)
INSERT [dbo].[Respuestas] ([IdRespuesta], [IdPregunta], [Opcion], [Contenido], [Correcta], [Foto]) VALUES (286, 116, 2, N'9.69 segundos', 0, NULL)
INSERT [dbo].[Respuestas] ([IdRespuesta], [IdPregunta], [Opcion], [Contenido], [Correcta], [Foto]) VALUES (287, 116, 3, N'9.77 segundos', 0, NULL)
INSERT [dbo].[Respuestas] ([IdRespuesta], [IdPregunta], [Opcion], [Contenido], [Correcta], [Foto]) VALUES (288, 116, 4, N'9.85 segundos', 0, NULL)
INSERT [dbo].[Respuestas] ([IdRespuesta], [IdPregunta], [Opcion], [Contenido], [Correcta], [Foto]) VALUES (289, 117, 1, N'Real Madrid', 1, NULL)
INSERT [dbo].[Respuestas] ([IdRespuesta], [IdPregunta], [Opcion], [Contenido], [Correcta], [Foto]) VALUES (290, 117, 2, N'Barcelona', 0, NULL)
INSERT [dbo].[Respuestas] ([IdRespuesta], [IdPregunta], [Opcion], [Contenido], [Correcta], [Foto]) VALUES (291, 117, 3, N'AC Milan', 0, NULL)
INSERT [dbo].[Respuestas] ([IdRespuesta], [IdPregunta], [Opcion], [Contenido], [Correcta], [Foto]) VALUES (292, 117, 4, N'Liverpool', 0, NULL)
INSERT [dbo].[Respuestas] ([IdRespuesta], [IdPregunta], [Opcion], [Contenido], [Correcta], [Foto]) VALUES (293, 118, 1, N'1967', 1, NULL)
INSERT [dbo].[Respuestas] ([IdRespuesta], [IdPregunta], [Opcion], [Contenido], [Correcta], [Foto]) VALUES (294, 118, 2, N'1970', 0, NULL)
INSERT [dbo].[Respuestas] ([IdRespuesta], [IdPregunta], [Opcion], [Contenido], [Correcta], [Foto]) VALUES (295, 118, 3, N'1965', 0, NULL)
INSERT [dbo].[Respuestas] ([IdRespuesta], [IdPregunta], [Opcion], [Contenido], [Correcta], [Foto]) VALUES (296, 118, 4, N'1969', 0, NULL)
INSERT [dbo].[Respuestas] ([IdRespuesta], [IdPregunta], [Opcion], [Contenido], [Correcta], [Foto]) VALUES (297, 119, 1, N'Nueva Zelanda', 1, NULL)
INSERT [dbo].[Respuestas] ([IdRespuesta], [IdPregunta], [Opcion], [Contenido], [Correcta], [Foto]) VALUES (298, 119, 2, N'Australia', 0, NULL)
INSERT [dbo].[Respuestas] ([IdRespuesta], [IdPregunta], [Opcion], [Contenido], [Correcta], [Foto]) VALUES (299, 119, 3, N'Inglaterra', 0, NULL)
GO
INSERT [dbo].[Respuestas] ([IdRespuesta], [IdPregunta], [Opcion], [Contenido], [Correcta], [Foto]) VALUES (300, 119, 4, N'Sudáfrica', 0, NULL)
SET IDENTITY_INSERT [dbo].[Respuestas] OFF
GO
ALTER TABLE [dbo].[Preguntas]  WITH CHECK ADD  CONSTRAINT [FK_Preguntas_Categorias] FOREIGN KEY([IdCategoria])
REFERENCES [dbo].[Categorias] ([IdCategoria])
GO
ALTER TABLE [dbo].[Preguntas] CHECK CONSTRAINT [FK_Preguntas_Categorias]
GO
ALTER TABLE [dbo].[Preguntas]  WITH CHECK ADD  CONSTRAINT [FK_Preguntas_Dificultades] FOREIGN KEY([IdDificultad])
REFERENCES [dbo].[Dificultades] ([IdDificultad])
GO
ALTER TABLE [dbo].[Preguntas] CHECK CONSTRAINT [FK_Preguntas_Dificultades]
GO
ALTER TABLE [dbo].[Respuestas]  WITH CHECK ADD  CONSTRAINT [FK_Respuestas_Preguntas] FOREIGN KEY([IdPregunta])
REFERENCES [dbo].[Preguntas] ([IdPregunta])
GO
ALTER TABLE [dbo].[Respuestas] CHECK CONSTRAINT [FK_Respuestas_Preguntas]
GO
ALTER TABLE [dbo].[Respuestas]  WITH CHECK ADD  CONSTRAINT [FK_Respuestas_Preguntas1] FOREIGN KEY([IdPregunta])
REFERENCES [dbo].[Preguntas] ([IdPregunta])
GO
ALTER TABLE [dbo].[Respuestas] CHECK CONSTRAINT [FK_Respuestas_Preguntas1]
GO
USE [master]
GO
ALTER DATABASE [TP07 - PreguntadORT] SET  READ_WRITE 
GO
